2629,Telstra,Sydney,2020-03-24T03:17:24.178710Z,1.0114354937553816,37.215,46417920.42163355,4078215.4638027707,,202.169.102.230
2173,Internode,Sydney,2020-03-24T03:17:46.274010Z,1.0114354937553816,36.568,46141238.40559114,7473693.388011745,,202.169.102.230
2629,Telstra,Sydney,2020-03-24T03:32:24.094548Z,1.0114354937553816,49.09,41029261.103912465,5176194.891631333,,202.169.102.230
2173,Internode,Sydney,2020-03-24T03:32:45.667051Z,1.0114354937553816,50.185,43516602.59422141,7838777.532656949,,202.169.102.230
2629,Telstra,Sydney,2020-03-24T03:47:24.863726Z,1.0114354937553816,51.384,41403788.32031936,5521212.314148139,,202.169.102.230
2173,Internode,Sydney,2020-03-24T03:47:46.481123Z,1.0114354937553816,51.306,37979199.11751258,7765879.810633438,,202.169.102.230
2629,Telstra,Sydney,2020-03-24T04:02:24.115576Z,1.0114354937553816,49.725,39664133.30755593,4653300.757810201,,202.169.102.230
2173,Internode,Sydney,2020-03-24T04:02:47.109711Z,1.0114354937553816,50.02,43974737.50451167,7651506.153399165,,202.169.102.230
2629,Telstra,Sydney,2020-03-24T04:17:24.485130Z,1.0114354937553816,48.92,44949300.14767905,4352905.721235159,,202.169.102.230
2173,Internode,Sydney,2020-03-24T04:17:46.342933Z,1.0114354937553816,49.481,45365246.181796886,7776839.3611092055,,202.169.102.230
2629,Telstra,Sydney,2020-03-24T04:32:24.855193Z,1.0114354937553816,48.797,44403034.137819394,5911992.351251252,,202.169.102.230
2173,Internode,Sydney,2020-03-24T04:32:46.852321Z,1.0114354937553816,49.198,46330092.715039395,7092452.095851769,,202.169.102.230
2629,Telstra,Sydney,2020-03-24T04:47:24.737108Z,1.0114354937553816,49.315,46166866.92219345,5113239.08593969,,202.169.102.230
2173,Internode,Sydney,2020-03-24T04:47:46.841208Z,1.0114354937553816,50.462,45316925.86593299,7856369.52070948,,202.169.102.230
2629,Telstra,Sydney,2020-03-24T05:02:25.039604Z,1.0114354937553816,50.171,42103484.466408506,5942253.538823772,,202.169.102.230
2173,Internode,Sydney,2020-03-24T05:02:46.472582Z,1.0114354937553816,142.417,43604606.75010525,7539238.218733108,,202.169.102.230
2629,Telstra,Sydney,2020-03-24T05:17:24.108746Z,1.0114354937553816,49.96,46160621.103053376,4592892.441772123,,202.169.102.230
2173,Internode,Sydney,2020-03-24T05:17:46.894905Z,1.0114354937553816,218.934,46431792.88220586,6976047.281448608,,202.169.102.230
2629,Telstra,Sydney,2020-03-24T05:32:25.106722Z,1.0114354937553816,52.098,36011005.83503946,6390530.434430693,,202.169.102.230
2173,Internode,Sydney,2020-03-24T05:32:46.636032Z,1.0114354937553816,52.355,40843939.65725491,7223815.542018484,,202.169.102.230
2629,Telstra,Sydney,2020-03-24T05:47:25.147258Z,1.0114354937553816,49.991,46430363.67166153,4880423.438065595,,202.169.102.230
2173,Internode,Sydney,2020-03-24T05:47:46.938859Z,1.0114354937553816,50.182,46611483.0342719,7446712.377877005,,202.169.102.230
2629,Telstra,Sydney,2020-03-24T06:02:24.732847Z,1.0114354937553816,98.34,39541165.88880506,5389819.160977685,,202.169.102.230
2173,Internode,Sydney,2020-03-24T06:02:46.624364Z,1.0114354937553816,50.031,28681811.727442384,8081629.41101748,,202.169.102.230
2629,Telstra,Sydney,2020-03-24T06:17:24.912700Z,1.0114354937553816,49.904,46634108.259299666,3819777.0487217973,,202.169.102.230
2173,Internode,Sydney,2020-03-24T06:17:47.278208Z,1.0114354937553816,91.333,46279726.12577138,7527810.948340702,,202.169.102.230
2629,Telstra,Sydney,2020-03-24T06:32:24.262648Z,1.0114354937553816,52.652,45881512.40017085,5450189.0882924255,,202.169.102.230
2173,Internode,Sydney,2020-03-24T06:32:45.813247Z,1.0114354937553816,72.171,41788819.38199908,8053667.147918117,,202.169.102.230
2629,Telstra,Sydney,2020-03-24T06:47:24.755898Z,1.0114354937553816,219.3,44239769.72663595,5458088.214168998,,202.169.102.230
2173,Internode,Sydney,2020-03-24T06:47:47.477346Z,1.0114354937553816,220.222,44277047.84355571,7486397.399590864,,202.169.102.230
2629,Telstra,Sydney,2020-03-24T07:02:24.920494Z,1.0114354937553816,51.521,40772008.20346532,5082529.044442201,,202.169.102.230
2173,Internode,Sydney,2020-03-24T07:02:46.687649Z,1.0114354937553816,52.321,43319985.14001701,8105582.010486501,,202.169.102.230
2629,Telstra,Sydney,2020-03-24T07:17:24.174583Z,1.0114354937553816,49.453,44852986.001045994,5508178.005490445,,202.169.102.230
2173,Internode,Sydney,2020-03-24T07:17:46.270122Z,1.0114354937553816,49.784,46633117.5814247,7927259.532731811,,202.169.102.230
2629,Telstra,Sydney,2020-03-24T07:32:24.978312Z,1.0114354937553816,260.396,45029604.082376756,4396997.685518114,,202.169.102.230
2173,Internode,Sydney,2020-03-24T07:32:48.905302Z,1.0114354937553816,50.114,46664015.23029629,7607263.150177817,,202.169.102.230
2629,Telstra,Sydney,2020-03-24T07:47:24.766312Z,1.0114354937553816,50.069,44475408.88780525,4092522.319922417,,202.169.102.230
2173,Internode,Sydney,2020-03-24T07:47:46.622868Z,1.0114354937553816,53.351,38402298.05915593,7573285.161185243,,202.169.102.230
2629,Telstra,Sydney,2020-03-24T08:02:24.766366Z,1.0114354937553816,50.554,43702338.12007233,4841711.8240459,,202.169.102.230
2173,Internode,Sydney,2020-03-24T08:02:46.850349Z,1.0114354937553816,48.693,44365153.42501051,8004140.078606113,,202.169.102.230
2629,Telstra,Sydney,2020-03-24T08:17:24.875743Z,1.0114354937553816,49.419,46489244.64067511,5250362.612683617,,202.169.102.230
2173,Internode,Sydney,2020-03-24T08:17:46.545014Z,1.0114354937553816,94.115,35768511.553225264,8592674.57579574,,202.169.102.230
2629,Telstra,Sydney,2020-03-24T08:32:24.660315Z,1.0114354937553816,49.649,37225381.60896256,4316858.9350835895,,202.169.102.230
2173,Internode,Sydney,2020-03-24T08:32:49.060502Z,1.0114354937553816,54.01,29651245.778661545,7357867.279772386,,202.169.102.230
2629,Telstra,Sydney,2020-03-24T08:47:24.987642Z,1.0114354937553816,49.853,42552126.29830865,5239778.896531931,,202.169.102.230
2173,Internode,Sydney,2020-03-24T08:47:46.413180Z,1.0114354937553816,216.504,45106322.34526663,7153628.82235512,,202.169.102.230
2629,Telstra,Sydney,2020-03-24T09:02:24.156212Z,1.0114354937553816,49.441,46309317.32541713,4023136.654892382,,202.169.102.230
2173,Internode,Sydney,2020-03-24T09:02:46.606636Z,1.0114354937553816,49.849,46692904.35290818,8255921.497957506,,202.169.102.230
2629,Telstra,Sydney,2020-03-24T09:17:24.451978Z,1.0114354937553816,49.622,45808779.30255844,4267242.289373732,,202.169.102.230
2173,Internode,Sydney,2020-03-24T09:17:46.499831Z,1.0114354937553816,52.015,10373006.233831966,7590837.764326881,,202.169.102.230
2629,Telstra,Sydney,2020-03-24T09:32:24.446628Z,1.0114354937553816,49.177,43003004.48689941,5126753.331335007,,202.169.102.230
2173,Internode,Sydney,2020-03-24T09:32:47.140330Z,1.0114354937553816,90.637,16648822.48691306,7993144.459041632,,202.169.102.230
2629,Telstra,Sydney,2020-03-24T09:47:24.226632Z,1.0114354937553816,49.441,43731347.09289983,4514606.799351746,,202.169.102.230
2173,Internode,Sydney,2020-03-24T09:47:46.709713Z,1.0114354937553816,50.917,36241075.13875493,7857713.21845006,,202.169.102.230
2629,Telstra,Sydney,2020-03-24T10:02:24.671996Z,1.0114354937553816,222.015,44127809.06921749,5301955.962715875,,202.169.102.230
2173,Internode,Sydney,2020-03-24T10:02:47.774005Z,1.0114354937553816,52.337,41912379.27612103,8782367.035249801,,202.169.102.230
2629,Telstra,Sydney,2020-03-24T10:17:24.944167Z,1.0114354937553816,97.657,46674477.09397311,4126844.5819507134,,202.169.102.230
2173,Internode,Sydney,2020-03-24T10:17:47.630820Z,1.0114354937553816,52.457,36020273.9240804,6912009.890993914,,202.169.102.230
2629,Telstra,Sydney,2020-03-24T10:32:24.284583Z,1.0114354937553816,49.425,46222689.29216459,4575330.197899273,,202.169.102.230
2173,Internode,Sydney,2020-03-24T10:32:46.270665Z,1.0114354937553816,51.899,29039861.032456595,7347180.29648473,,202.169.102.230
2629,Telstra,Sydney,2020-03-24T10:47:24.677713Z,1.0114354937553816,51.941,40537443.813397326,4761389.310444423,,202.169.102.230
2173,Internode,Sydney,2020-03-24T10:47:49.658495Z,1.0114354937553816,51.181,39131098.09266305,7297351.522778774,,202.169.102.230
2629,Telstra,Sydney,2020-03-24T11:02:24.349438Z,1.0114354937553816,216.718,43434381.76833145,4510736.603996212,,202.169.102.230
2173,Internode,Sydney,2020-03-24T11:02:47.128183Z,1.0114354937553816,49.602,45740772.972178675,7600173.63736326,,202.169.102.230
2629,Telstra,Sydney,2020-03-24T11:17:24.169638Z,1.0114354937553816,50.073,43256068.93833628,4956021.722621415,,202.169.102.230
2173,Internode,Sydney,2020-03-24T11:17:45.760704Z,1.0114354937553816,48.477,44374483.61382477,8761599.749596132,,202.169.102.230
2629,Telstra,Sydney,2020-03-24T11:32:24.656003Z,1.0114354937553816,51.142,46255640.470410824,4725107.460395706,,202.169.102.230
2173,Internode,Sydney,2020-03-24T11:32:46.679109Z,1.0114354937553816,49.919,45502608.35984508,7867009.474320141,,202.169.102.230
2629,Telstra,Sydney,2020-03-24T11:47:25.364240Z,1.0114354937553816,49.663,43753352.041137226,4236974.173566139,,202.169.102.230
2173,Internode,Sydney,2020-03-24T11:47:47.033482Z,1.0114354937553816,50.396,46445225.747382596,7865099.248461148,,202.169.102.230
2629,Telstra,Sydney,2020-03-24T12:02:24.360706Z,1.0114354937553816,50.39,46458692.21186319,4426016.701412411,,202.169.102.230
2173,Internode,Sydney,2020-03-24T12:02:45.768890Z,1.0114354937553816,49.216,46301997.20274375,9022295.329310562,,202.169.102.230
2629,Telstra,Sydney,2020-03-24T12:17:24.428706Z,1.0114354937553816,92.733,46456008.30613042,5176850.382582964,,202.169.102.230
2173,Internode,Sydney,2020-03-24T12:17:46.223967Z,1.0114354937553816,50.686,46554751.5405724,8031553.607999284,,202.169.102.230
2629,Telstra,Sydney,2020-03-24T12:32:24.303170Z,1.0114354937553816,48.989,46170621.47861735,4368585.526738161,,202.169.102.230
2173,Internode,Sydney,2020-03-24T12:32:47.113497Z,1.0114354937553816,49.539,46763248.21509613,7993664.220929492,,202.169.102.230
2629,Telstra,Sydney,2020-03-24T12:47:24.085335Z,1.0114354937553816,49.561,44661339.592586845,5399363.506207956,,202.169.102.230
2173,Internode,Sydney,2020-03-24T12:47:45.713056Z,1.0114354937553816,220.536,45945482.301927276,8093331.342607287,,202.169.102.230
2629,Telstra,Sydney,2020-03-24T13:02:24.576894Z,1.0114354937553816,89.546,46601738.88689897,5495632.817306189,,202.169.102.230
2173,Internode,Sydney,2020-03-24T13:02:46.372464Z,1.0114354937553816,49.813,45690672.28343714,7876935.278952349,,202.169.102.230
2629,Telstra,Sydney,2020-03-24T13:17:24.809132Z,1.0114354937553816,49.881,41970515.215966426,5053905.244609754,,202.169.102.230
2173,Internode,Sydney,2020-03-24T13:17:47.097255Z,1.0114354937553816,50.043,46698046.56242229,8639351.433161616,,202.169.102.230
2629,Telstra,Sydney,2020-03-24T13:32:24.502178Z,1.0114354937553816,48.786,45438438.18678872,5597869.106170317,,202.169.102.230
2173,Internode,Sydney,2020-03-24T13:32:46.029238Z,1.0114354937553816,48.264,46710420.91870876,8379701.819162859,,202.169.102.230
2629,Telstra,Sydney,2020-03-24T13:47:24.792595Z,1.0114354937553816,49.848,45896784.38866876,5319924.530486047,,202.169.102.230
2173,Internode,Sydney,2020-03-24T13:47:46.554850Z,1.0114354937553816,49.204,46699989.210269876,8140215.031861884,,202.169.102.230
2629,Telstra,Sydney,2020-03-24T14:02:24.687171Z,1.0114354937553816,220.398,46567413.765807875,4622871.189169908,,202.169.102.230
2173,Internode,Sydney,2020-03-24T14:02:47.764871Z,1.0114354937553816,49.667,44701848.918756664,8404194.668000901,,202.169.102.230
2629,Telstra,Sydney,2020-03-24T14:17:24.157990Z,1.0114354937553816,218.17,45973437.27976369,4933097.645885891,,202.169.102.230
2173,Internode,Sydney,2020-03-24T14:17:46.945151Z,1.0114354937553816,50.297,44714795.22404821,8633407.877689091,,202.169.102.230
2629,Telstra,Sydney,2020-03-24T14:32:24.926165Z,1.0114354937553816,50.673,46531007.323253796,5436811.309187115,,202.169.102.230
2173,Internode,Sydney,2020-03-24T14:32:46.412730Z,1.0114354937553816,48.173,46778087.12057408,9668288.580968244,,202.169.102.230
2629,Telstra,Sydney,2020-03-24T14:47:25.413816Z,1.0114354937553816,49.065,46207642.17848263,5330928.1195460055,,202.169.102.230
2173,Internode,Sydney,2020-03-24T14:47:46.996580Z,1.0114354937553816,49.344,46471889.45313176,9197292.68938146,,202.169.102.230
2629,Telstra,Sydney,2020-03-24T15:02:24.525597Z,1.0114354937553816,50.264,46595935.08430239,4675667.038456799,,202.169.102.230
2173,Internode,Sydney,2020-03-24T15:02:46.356072Z,1.0114354937553816,89.011,46446545.50122293,8213955.279514482,,202.169.102.230
2629,Telstra,Sydney,2020-03-24T15:17:24.601322Z,1.0114354937553816,49.928,46335134.38574466,5540632.636126774,,202.169.102.230
2173,Internode,Sydney,2020-03-24T15:17:46.227377Z,1.0114354937553816,49.545,46609538.9103426,9543649.616355423,,202.169.102.230
2629,Telstra,Sydney,2020-03-24T15:32:24.240603Z,1.0114354937553816,48.047,46694880.51492738,5990929.158820017,,202.169.102.230
2173,Internode,Sydney,2020-03-24T15:32:45.848400Z,1.0114354937553816,50.209,46506328.733073846,7730433.838450976,,202.169.102.230
2629,Telstra,Sydney,2020-03-24T15:47:24.129597Z,1.0114354937553816,49.282,44615240.5347517,4733133.451679762,,202.169.102.230
2173,Internode,Sydney,2020-03-24T15:47:45.870767Z,1.0114354937553816,82.891,46065138.780535944,10387868.831798282,,202.169.102.230
2629,Telstra,Sydney,2020-03-24T16:02:24.597993Z,1.0114354937553816,48.983,46779517.954116136,5025898.651202283,,202.169.102.230
2173,Internode,Sydney,2020-03-24T16:02:46.559354Z,1.0114354937553816,219.603,46509349.64263212,7536015.181610862,,202.169.102.230
2629,Telstra,Sydney,2020-03-24T16:17:24.680258Z,1.0114354937553816,48.34,45370335.65562363,4178734.9016724937,,202.169.102.230
2173,Internode,Sydney,2020-03-24T16:17:46.164208Z,1.0114354937553816,56.818,46572031.505099915,8905036.194999116,,202.169.102.230
2629,Telstra,Sydney,2020-03-24T16:32:24.870301Z,1.0114354937553816,50.283,45301898.73203378,4829578.672039978,,202.169.102.230
2173,Internode,Sydney,2020-03-24T16:32:46.966528Z,1.0114354937553816,48.96,46460512.655997604,8901032.362783425,,202.169.102.230
2629,Telstra,Sydney,2020-03-24T16:47:24.445015Z,1.0114354937553816,49.291,46630954.01647568,5250977.661802842,,202.169.102.230
2173,Internode,Sydney,2020-03-24T16:47:46.036816Z,1.0114354937553816,49.038,46455827.39963824,10127254.137159009,,202.169.102.230
2629,Telstra,Sydney,2020-03-24T17:02:24.456797Z,1.0114354937553816,49.533,46844296.454786435,5826185.058875159,,202.169.102.230
2173,Internode,Sydney,2020-03-24T17:02:45.927314Z,1.0114354937553816,48.351,46428206.6116797,9426606.896463452,,202.169.102.230
2629,Telstra,Sydney,2020-03-24T17:17:24.347139Z,1.0114354937553816,48.922,46633002.04397925,4569644.842577749,,202.169.102.230
2173,Internode,Sydney,2020-03-24T17:17:47.438571Z,1.0114354937553816,49.083,46651749.805537045,10288672.956391636,,202.169.102.230
2629,Telstra,Sydney,2020-03-24T17:32:24.978614Z,1.0114354937553816,49.411,46302938.033691674,4494137.340418489,,202.169.102.230
2173,Internode,Sydney,2020-03-24T17:32:46.757920Z,1.0114354937553816,49.345,46741192.96542235,10337778.759030297,,202.169.102.230
2629,Telstra,Sydney,2020-03-24T17:47:24.428399Z,1.0114354937553816,48.089,46447921.652654454,5913131.668794907,,202.169.102.230
2173,Internode,Sydney,2020-03-24T17:47:46.091567Z,1.0114354937553816,90.596,46657316.17606362,10224934.184361389,,202.169.102.230
2629,Telstra,Sydney,2020-03-24T18:02:24.771690Z,1.0114354937553816,48.76,45497727.05026409,5524886.6814116,,202.169.102.230
2173,Internode,Sydney,2020-03-24T18:02:46.217009Z,1.0114354937553816,48.528,46454364.57742533,10355591.040743807,,202.169.102.230
2629,Telstra,Sydney,2020-03-24T18:17:24.636686Z,1.0114354937553816,48.333,46608970.32117034,5929243.4281724375,,202.169.102.230
2173,Internode,Sydney,2020-03-24T18:17:46.179035Z,1.0114354937553816,68.626,46645981.83395961,9938971.93680782,,202.169.102.230
2629,Telstra,Sydney,2020-03-24T18:32:24.724297Z,1.0114354937553816,69.805,46328693.5322741,6182806.443518811,,202.169.102.230
2173,Internode,Sydney,2020-03-24T18:32:46.414346Z,1.0114354937553816,50.095,45965536.450727694,9354591.391083196,,202.169.102.230
2629,Telstra,Sydney,2020-03-24T18:47:24.867605Z,1.0114354937553816,48.715,46634972.0995416,5092172.851476883,,202.169.102.230
2173,Internode,Sydney,2020-03-24T18:47:46.341789Z,1.0114354937553816,48.107,46505675.32833101,10414967.573960908,,202.169.102.230
2629,Telstra,Sydney,2020-03-24T19:02:24.853552Z,1.0114354937553816,49.792,45541806.95263032,5441051.400823819,,202.169.102.230
2173,Internode,Sydney,2020-03-24T19:02:46.440619Z,1.0114354937553816,50.651,46702771.43969926,10006569.160505215,,202.169.102.230
2629,Telstra,Sydney,2020-03-24T19:17:25.465421Z,1.0114354937553816,48.464,45799884.84150578,5599825.548148236,,202.169.102.230
2173,Internode,Sydney,2020-03-24T19:17:46.956436Z,1.0114354937553816,49.616,46486790.708966814,10594187.218420815,,202.169.102.230
2629,Telstra,Sydney,2020-03-24T19:32:24.414592Z,1.0114354937553816,50.113,44918963.68738103,5572409.781095858,,202.169.102.230
2173,Internode,Sydney,2020-03-24T19:32:46.119979Z,1.0114354937553816,48.353,44840926.01474554,9570310.311120326,,202.169.102.230
2629,Telstra,Sydney,2020-03-24T19:47:24.560632Z,1.0114354937553816,49.207,46046544.17722436,5589422.736149018,,202.169.102.230
2173,Internode,Sydney,2020-03-24T19:47:46.138003Z,1.0114354937553816,48.248,46544102.7383649,10095236.555030726,,202.169.102.230
2629,Telstra,Sydney,2020-03-24T20:02:24.686259Z,1.0114354937553816,48.787,45745811.937483154,5304659.859770427,,202.169.102.230
2173,Internode,Sydney,2020-03-24T20:02:46.310191Z,1.0114354937553816,48.963,46357227.25090919,10259049.403842881,,202.169.102.230
2629,Telstra,Sydney,2020-03-24T20:17:24.779464Z,1.0114354937553816,49.183,46577634.88706106,5529709.842430695,,202.169.102.230
2173,Internode,Sydney,2020-03-24T20:17:46.345522Z,1.0114354937553816,51.419,46547711.29603147,8874624.742121316,,202.169.102.230
2629,Telstra,Sydney,2020-03-24T20:32:24.400849Z,1.0114354937553816,48.597,46849511.74554565,3978694.665972279,,202.169.102.230
2173,Internode,Sydney,2020-03-24T20:32:46.269371Z,1.0114354937553816,88.601,46469586.19712868,9402155.250366367,,202.169.102.230
2629,Telstra,Sydney,2020-03-24T20:47:25.632284Z,1.0114354937553816,49.031,45802133.41977307,4153376.5617327592,,202.169.102.230
2173,Internode,Sydney,2020-03-24T20:47:47.107312Z,1.0114354937553816,48.513,46771941.950824276,9793718.773151062,,202.169.102.230
2629,Telstra,Sydney,2020-03-24T21:02:24.536197Z,1.0114354937553816,216.092,46344917.6267536,5219123.583786601,,202.169.102.230
2173,Internode,Sydney,2020-03-24T21:02:47.944950Z,1.0114354937553816,89.444,46477708.183753096,9064195.86540912,,202.169.102.230
2629,Telstra,Sydney,2020-03-24T21:17:24.728813Z,1.0114354937553816,50.982,45118414.270124815,5470045.198681056,,202.169.102.230
2173,Internode,Sydney,2020-03-24T21:17:46.259042Z,1.0114354937553816,49.453,46768182.41037346,8350079.064793017,,202.169.102.230
2629,Telstra,Sydney,2020-03-24T21:32:24.224959Z,1.0114354937553816,94.414,46720287.94775469,4957731.204314667,,202.169.102.230
2173,Internode,Sydney,2020-03-24T21:32:46.257187Z,1.0114354937553816,48.255,46708668.90824578,8109784.500949901,,202.169.102.230
2629,Telstra,Sydney,2020-03-24T21:47:24.108463Z,1.0114354937553816,49.184,46576954.08644458,5052885.954546796,,202.169.102.230
2173,Internode,Sydney,2020-03-24T21:47:45.760981Z,1.0114354937553816,91.845,45080745.73076461,8275906.39423663,,202.169.102.230
2629,Telstra,Sydney,2020-03-24T22:02:25.010209Z,1.0114354937553816,96.584,42055380.64732689,4466270.817363282,,202.169.102.230
2173,Internode,Sydney,2020-03-24T22:02:46.960177Z,1.0114354937553816,50.502,46605646.28980059,8247368.516597808,,202.169.102.230
2629,Telstra,Sydney,2020-03-24T22:17:24.340052Z,1.0114354937553816,48.563,46104313.539441474,4863256.562416018,,202.169.102.230
2173,Internode,Sydney,2020-03-24T22:17:46.475556Z,1.0114354937553816,68.051,46231261.715105735,8428756.713425443,,202.169.102.230
2629,Telstra,Sydney,2020-03-24T22:32:24.414785Z,1.0114354937553816,48.949,46369720.01609095,5605491.919860161,,202.169.102.230
2173,Internode,Sydney,2020-03-24T22:32:46.006086Z,1.0114354937553816,84.037,46558585.20859147,7537066.491969088,,202.169.102.230
2629,Telstra,Sydney,2020-03-24T22:47:24.270922Z,1.0114354937553816,48.88,46115654.939679116,4694165.438981736,,202.169.102.230
2173,Internode,Sydney,2020-03-24T22:47:46.325179Z,1.0114354937553816,217.796,46561016.43104309,8065208.433317639,,202.169.102.230
2629,Telstra,Sydney,2020-03-24T23:02:24.688253Z,1.0114354937553816,49.172,44843040.55339052,4058649.9712132155,,202.169.102.230
2173,Internode,Sydney,2020-03-24T23:02:48.522141Z,1.0114354937553816,91.049,46497472.883888744,8236115.838324151,,202.169.102.230
2629,Telstra,Sydney,2020-03-24T23:17:24.507042Z,1.0114354937553816,49.435,46095736.18249483,4478561.392507874,,202.169.102.230
2173,Internode,Sydney,2020-03-24T23:17:46.474486Z,1.0114354937553816,43.608,46605414.23583774,8051254.7966601355,,202.169.102.230
2629,Telstra,Sydney,2020-03-24T23:32:24.409448Z,1.0114354937553816,49.844,44322442.30475356,3854017.8433887814,,202.169.102.230
2173,Internode,Sydney,2020-03-24T23:32:46.676948Z,1.0114354937553816,48.909,44475827.52929933,8303610.343326269,,202.169.102.230
2629,Telstra,Sydney,2020-03-24T23:47:24.403737Z,1.0114354937553816,46.73,44602123.119103506,4427847.015220088,,202.169.102.230
2173,Internode,Sydney,2020-03-24T23:47:46.556759Z,1.0114354937553816,47.418,43826856.77056324,8018104.544572269,,202.169.102.230
2629,Telstra,Sydney,2020-03-25T00:02:24.165783Z,1.0114354937553816,46.514,42600293.948723465,5247951.589955802,,202.169.102.230
2173,Internode,Sydney,2020-03-25T00:02:46.693680Z,1.0114354937553816,216.276,46788763.20272139,8052631.257385602,,202.169.102.230
2629,Telstra,Sydney,2020-03-25T00:17:24.496403Z,1.0114354937553816,87.715,44884982.584171236,6128868.23839154,,202.169.102.230
2173,Internode,Sydney,2020-03-25T00:17:46.425493Z,1.0114354937553816,41.541,46417275.11464458,7882565.594780471,,202.169.102.230
2629,Telstra,Sydney,2020-03-25T00:32:24.103910Z,1.0114354937553816,43.433,44074962.5559413,3838085.2497579246,,202.169.102.230
2173,Internode,Sydney,2020-03-25T00:32:46.983373Z,1.0114354937553816,63.145,46771836.470379315,9026958.096046891,,202.169.102.230
2629,Telstra,Sydney,2020-03-25T00:47:24.423485Z,1.0114354937553816,213.359,45378722.532732666,5699588.4697685335,,202.169.102.230
2173,Internode,Sydney,2020-03-25T00:47:46.853598Z,1.0114354937553816,44.729,46430085.44948609,8760217.640132798,,202.169.102.230
2629,Telstra,Sydney,2020-03-25T01:02:24.206135Z,1.0114354937553816,84.684,39313694.59215195,5640860.4160409,,202.169.102.230
2173,Internode,Sydney,2020-03-25T01:02:46.142432Z,1.0114354937553816,43.671,46759553.75921622,9538114.434638578,,202.169.102.230
2629,Telstra,Sydney,2020-03-25T01:17:25.012795Z,1.0114354937553816,43.265,44744288.812287234,5885520.683347922,,202.169.102.230
2173,Internode,Sydney,2020-03-25T01:17:46.448056Z,1.0114354937553816,45.811,46669886.611278206,8768830.238026615,,202.169.102.230
2629,Telstra,Sydney,2020-03-25T01:32:24.978384Z,1.0114354937553816,42.901,45584195.51840844,5606014.5213296255,,202.169.102.230
2173,Internode,Sydney,2020-03-25T01:32:46.498642Z,1.0114354937553816,44.989,44684314.050501585,7979232.349238229,,202.169.102.230
2629,Telstra,Sydney,2020-03-25T01:47:24.482919Z,1.0114354937553816,210.722,43158900.17101384,5963740.414134582,,202.169.102.230
2173,Internode,Sydney,2020-03-25T01:47:46.882442Z,1.0114354937553816,45.601,44728508.33335628,9468781.040756103,,202.169.102.230
2629,Telstra,Sydney,2020-03-25T02:02:24.081935Z,1.0114354937553816,72.981,39403916.47571483,5926632.19239472,,202.169.102.230
2173,Internode,Sydney,2020-03-25T02:02:45.847600Z,1.0114354937553816,224.04,44778206.29750803,8308826.88144749,,202.169.102.230
2629,Telstra,Sydney,2020-03-25T02:17:24.278145Z,1.0114354937553816,42.994,46255917.88838291,5487681.336546022,,202.169.102.230
2173,Internode,Sydney,2020-03-25T02:17:45.805708Z,1.0114354937553816,214.877,46222056.14475225,8218858.020797442,,202.169.102.230
2629,Telstra,Sydney,2020-03-25T02:32:24.348426Z,1.0114354937553816,43.335,43122607.3482245,4477398.566971158,,202.169.102.230
2173,Internode,Sydney,2020-03-25T02:32:47.289371Z,1.0114354937553816,84.455,46691092.237442285,9445002.350959701,,202.169.102.230
2629,Telstra,Sydney,2020-03-25T02:47:25.050775Z,1.0114354937553816,44.596,36705868.87202584,4750964.466702198,,202.169.102.230
2173,Internode,Sydney,2020-03-25T02:47:48.869231Z,1.0114354937553816,42.967,46678036.806475304,7921637.585953633,,202.169.102.230
2629,Telstra,Sydney,2020-03-25T03:02:24.891688Z,1.0114354937553816,83.193,42412642.20918642,5544467.2476240955,,202.169.102.230
2173,Internode,Sydney,2020-03-25T03:02:46.754749Z,1.0114354937553816,44.37,43866587.4469271,8342339.638526228,,202.169.102.230
2629,Telstra,Sydney,2020-03-25T03:17:24.583477Z,1.0114354937553816,44.578,45669105.64358498,5464792.983268492,,202.169.102.230
2173,Internode,Sydney,2020-03-25T03:17:46.032562Z,1.0114354937553816,46.281,46493309.17402044,8202270.937845345,,202.169.102.230
2629,Telstra,Sydney,2020-03-25T03:32:24.038152Z,1.0114354937553816,73.679,45281048.2970233,4870505.68453042,,202.169.102.230
2173,Internode,Sydney,2020-03-25T03:32:47.014139Z,1.0114354937553816,44.773,43055380.36353425,8126460.4830981875,,202.169.102.230
2629,Telstra,Sydney,2020-03-25T03:47:24.853964Z,1.0114354937553816,44.676,43881680.05478738,5414256.312834113,,202.169.102.230
2173,Internode,Sydney,2020-03-25T03:47:46.583398Z,1.0114354937553816,64.146,44177293.79449589,8806655.811612984,,202.169.102.230
2629,Telstra,Sydney,2020-03-25T04:02:24.209578Z,1.0114354937553816,39.191,39483807.929505646,5280464.230197564,,202.169.102.230
2173,Internode,Sydney,2020-03-25T04:02:46.098169Z,1.0114354937553816,40.279,42492566.12435694,8748323.129856136,,202.169.102.230
2629,Telstra,Sydney,2020-03-25T04:17:24.952724Z,1.0114354937553816,44.327,45523952.156799465,5339758.196809462,,202.169.102.230
2173,Internode,Sydney,2020-03-25T04:17:46.506994Z,1.0114354937553816,44.771,45487537.3585322,8804817.203409908,,202.169.102.230
2629,Telstra,Sydney,2020-03-25T04:32:24.475870Z,1.0114354937553816,127.751,38252951.55560569,4170481.81874798,,202.169.102.230
2173,Internode,Sydney,2020-03-25T04:32:46.314406Z,1.0114354937553816,44.473,42179181.459973276,8247501.162689624,,202.169.102.230
2629,Telstra,Sydney,2020-03-25T04:47:24.081818Z,1.0114354937553816,44.408,42396850.94575493,4532494.853153703,,202.169.102.230
2173,Internode,Sydney,2020-03-25T04:47:46.332117Z,1.0114354937553816,45.362,42891428.22202826,8000307.607382263,,202.169.102.230
2629,Telstra,Sydney,2020-03-25T05:02:24.102481Z,1.0114354937553816,65.427,45190868.82625262,6409756.5133946035,,202.169.102.230
2173,Internode,Sydney,2020-03-25T05:02:45.653718Z,1.0114354937553816,44.105,45516959.748247914,9327938.512092061,,202.169.102.230
2629,Telstra,Sydney,2020-03-25T05:17:24.344045Z,1.0114354937553816,43.472,46657677.78632856,5653627.896515698,,202.169.102.230
2173,Internode,Sydney,2020-03-25T05:17:45.821125Z,1.0114354937553816,46.85,46657978.41986184,8223186.494936191,,202.169.102.230
2629,Telstra,Sydney,2020-03-25T05:32:24.315845Z,1.0114354937553816,44.058,43577190.7490842,4939195.347992993,,202.169.102.230
2173,Internode,Sydney,2020-03-25T05:32:45.673693Z,1.0114354937553816,46.512,46340621.816174604,8506814.793761441,,202.169.102.230
2629,Telstra,Sydney,2020-03-25T05:47:24.368448Z,1.0114354937553816,44.152,46422806.5185547,5511925.2906204425,,202.169.102.230
2173,Internode,Sydney,2020-03-25T05:47:45.945008Z,1.0114354937553816,216.251,46706831.51191385,9016998.190031944,,202.169.102.230
2629,Telstra,Sydney,2020-03-25T06:02:24.457862Z,1.0114354937553816,44.2,46099499.62598596,5567350.781449283,,202.169.102.230
2173,Internode,Sydney,2020-03-25T06:02:46.000064Z,1.0114354937553816,45.587,46624463.33015915,8490036.628565958,,202.169.102.230
2629,Telstra,Sydney,2020-03-25T06:17:24.250520Z,1.0114354937553816,43.399,45614600.0957181,5025453.926529551,,202.169.102.230
2173,Internode,Sydney,2020-03-25T06:17:45.796497Z,1.0114354937553816,44.655,46787566.649470314,8528374.599947669,,202.169.102.230
2629,Telstra,Sydney,2020-03-25T06:32:24.672977Z,1.0114354937553816,214.161,46470730.26045153,5388415.04939564,,202.169.102.230
2173,Internode,Sydney,2020-03-25T06:32:47.353010Z,1.0114354937553816,214.768,44769118.78108414,7685121.9813533565,,202.169.102.230
2629,Telstra,Sydney,2020-03-25T06:47:25.053923Z,1.0114354937553816,43.84,46268248.18027767,4485478.378221387,,202.169.102.230
2173,Internode,Sydney,2020-03-25T06:47:47.698287Z,1.0114354937553816,64.376,41656448.98929427,7741307.587551514,,202.169.102.230
2629,Telstra,Sydney,2020-03-25T07:02:24.437016Z,1.0114354937553816,43.799,45614484.27835986,6011307.244095873,,202.169.102.230
2173,Internode,Sydney,2020-03-25T07:02:45.907276Z,1.0114354937553816,42.295,20286780.47726231,7521117.413021663,,202.169.102.230
2629,Telstra,Sydney,2020-03-25T07:17:24.967725Z,1.0114354937553816,43.363,44643903.82967534,5066452.292164317,,202.169.102.230
2173,Internode,Sydney,2020-03-25T07:17:46.448468Z,1.0114354937553816,45.637,24947387.109129265,7155696.3805266125,,202.169.102.230
2629,Telstra,Sydney,2020-03-25T07:32:24.478012Z,1.0114354937553816,44.431,45571420.15993141,5687020.776379147,,202.169.102.230
2173,Internode,Sydney,2020-03-25T07:32:45.884814Z,1.0114354937553816,215.194,45593488.63280591,8377535.410117082,,202.169.102.230
2629,Telstra,Sydney,2020-03-25T07:47:24.653492Z,1.0114354937553816,46.214,42471221.40197582,5676982.741750864,,202.169.102.230
2173,Internode,Sydney,2020-03-25T07:47:46.230998Z,1.0114354937553816,220.268,36608271.0975011,8938161.091267353,,202.169.102.230
2629,Telstra,Sydney,2020-03-25T08:02:24.823950Z,1.0114354937553816,83.881,45957538.53088954,5041837.351477105,,202.169.102.230
2173,Internode,Sydney,2020-03-25T08:02:48.269815Z,1.0114354937553816,46.738,44113670.53584991,8590682.823592775,,202.169.102.230
2629,Telstra,Sydney,2020-03-25T08:17:24.082618Z,1.0114354937553816,43.96,44013180.287174255,5622433.26443099,,202.169.102.230
2173,Internode,Sydney,2020-03-25T08:17:46.257920Z,1.0114354937553816,45.852,42744079.90276572,8075901.943576106,,202.169.102.230
2629,Telstra,Sydney,2020-03-25T08:32:24.491789Z,1.0114354937553816,44.685,41057844.92085667,5430454.180341007,,202.169.102.230
2173,Internode,Sydney,2020-03-25T08:32:46.068070Z,1.0114354937553816,44.709,36451066.4087443,8035128.909187406,,202.169.102.230
2629,Telstra,Sydney,2020-03-25T08:47:25.109290Z,1.0114354937553816,42.935,44976211.89622416,5133031.833125308,,202.169.102.230
2173,Internode,Sydney,2020-03-25T08:47:46.907209Z,1.0114354937553816,45.315,40810077.60786571,9332908.584051518,,202.169.102.230
2629,Telstra,Sydney,2020-03-25T09:02:24.179112Z,1.0114354937553816,44.268,44969163.5972916,5201900.632087427,,202.169.102.230
2173,Internode,Sydney,2020-03-25T09:02:45.643826Z,1.0114354937553816,40.121,42875268.12304867,6689392.723784374,,202.169.102.230
2629,Telstra,Sydney,2020-03-25T09:17:24.966315Z,1.0114354937553816,43.852,44366913.01421683,5870450.237914252,,202.169.102.230
2173,Internode,Sydney,2020-03-25T09:17:46.471992Z,1.0114354937553816,46.598,36224941.212357454,8332264.28949352,,202.169.102.230
2629,Telstra,Sydney,2020-03-25T09:32:24.568036Z,1.0114354937553816,44.387,45373037.853449054,4969300.98047767,,202.169.102.230
2173,Internode,Sydney,2020-03-25T09:32:45.995697Z,1.0114354937553816,46.626,43812142.36284855,7148956.11167588,,202.169.102.230
2629,Telstra,Sydney,2020-03-25T09:47:24.344264Z,1.0114354937553816,39.059,44887013.25811988,4234657.724987394,,202.169.102.230
2173,Internode,Sydney,2020-03-25T09:47:46.450174Z,1.0114354937553816,211.473,46296461.14122993,7209563.640350289,,202.169.102.230
2629,Telstra,Sydney,2020-03-25T10:02:24.375180Z,1.0114354937553816,44.668,46624806.77648785,5269266.660590171,,202.169.102.230
2173,Internode,Sydney,2020-03-25T10:02:46.716230Z,1.0114354937553816,46.591,16848254.71793459,6879287.387516829,,202.169.102.230
2629,Telstra,Sydney,2020-03-25T10:17:24.916261Z,1.0114354937553816,215.014,41924465.894725084,5603286.029893232,,202.169.102.230
2173,Internode,Sydney,2020-03-25T10:17:47.967831Z,1.0114354937553816,49.854,33262781.892159786,8267433.330476949,,202.169.102.230
2629,Telstra,Sydney,2020-03-25T10:32:24.397748Z,1.0114354937553816,44.168,44527366.39360753,5513267.6197580425,,202.169.102.230
2173,Internode,Sydney,2020-03-25T10:32:45.875516Z,1.0114354937553816,45.927,34851174.172812395,8467938.790264487,,202.169.102.230
2629,Telstra,Sydney,2020-03-25T10:47:24.373456Z,1.0114354937553816,44.302,45881506.78555509,3946056.7741777,,202.169.102.230
2173,Internode,Sydney,2020-03-25T10:47:48.454590Z,1.0114354937553816,76.594,13587621.34436579,7661390.359990946,,202.169.102.230
2629,Telstra,Sydney,2020-03-25T11:02:24.788789Z,1.0114354937553816,61.791,45902770.987187654,5301583.477633396,,202.169.102.230
2173,Internode,Sydney,2020-03-25T11:02:46.625124Z,1.0114354937553816,39.945,27922246.629530694,9114078.08570335,,202.169.102.230
2629,Telstra,Sydney,2020-03-25T11:17:24.448278Z,1.0114354937553816,38.846,46172114.50741574,4007598.4222838855,,202.169.102.230
2173,Internode,Sydney,2020-03-25T11:17:47.295293Z,1.0114354937553816,47.671,31403301.592378583,7713303.119105742,,202.169.102.230
2629,Telstra,Sydney,2020-03-25T11:32:24.286153Z,1.0114354937553816,43.98,45219030.00088382,5431245.284118016,,202.169.102.230
2173,Internode,Sydney,2020-03-25T11:32:46.059735Z,1.0114354937553816,44.934,45097816.28652698,10522771.215960335,,202.169.102.230
2629,Telstra,Sydney,2020-03-25T11:47:24.910781Z,1.0114354937553816,44.943,45841814.82974587,4880421.822986116,,202.169.102.230
2173,Internode,Sydney,2020-03-25T11:47:46.849167Z,1.0114354937553816,46.022,45120577.94383115,8203526.993481813,,202.169.102.230
2629,Telstra,Sydney,2020-03-25T12:02:24.443707Z,1.0114354937553816,44.373,46454857.52237224,4625216.114969177,,202.169.102.230
2173,Internode,Sydney,2020-03-25T12:02:46.063081Z,1.0114354937553816,43.788,46739188.91298616,9431758.523298524,,202.169.102.230
2629,Telstra,Sydney,2020-03-25T12:17:24.330651Z,1.0114354937553816,44.11,46069481.75428901,5735897.144244319,,202.169.102.230
2173,Internode,Sydney,2020-03-25T12:17:45.753330Z,1.0114354937553816,44.725,46469880.83355344,8917270.257303769,,202.169.102.230
2629,Telstra,Sydney,2020-03-25T12:32:24.020387Z,1.0114354937553816,44.802,46018586.681522526,5557589.737235188,,202.169.102.230
2173,Internode,Sydney,2020-03-25T12:32:45.536508Z,1.0114354937553816,45.303,46734752.81391284,8955572.023958825,,202.169.102.230
2629,Telstra,Sydney,2020-03-25T12:47:24.919240Z,1.0114354937553816,212.351,46411861.77229431,5687353.31833466,,202.169.102.230
2173,Internode,Sydney,2020-03-25T12:47:47.553233Z,1.0114354937553816,48.599,46562325.45431179,9247605.527749598,,202.169.102.230
2629,Telstra,Sydney,2020-03-25T13:02:24.847925Z,1.0114354937553816,43.324,45166592.90908754,5708644.385381877,,202.169.102.230
2173,Internode,Sydney,2020-03-25T13:02:46.569267Z,1.0114354937553816,43.667,46679823.72567199,10291668.384295674,,202.169.102.230
2629,Telstra,Sydney,2020-03-25T13:17:24.951573Z,1.0114354937553816,44.244,45694095.669552885,5713075.991721203,,202.169.102.230
2173,Internode,Sydney,2020-03-25T13:17:46.479784Z,1.0114354937553816,46.654,46654075.33871958,10445917.173133299,,202.169.102.230
2629,Telstra,Sydney,2020-03-25T13:32:24.753776Z,1.0114354937553816,43.383,45559790.7061114,5969010.827735022,,202.169.102.230
2173,Internode,Sydney,2020-03-25T13:32:46.221301Z,1.0114354937553816,66.731,46695252.749110915,8799828.77455724,,202.169.102.230
2629,Telstra,Sydney,2020-03-25T13:47:24.331741Z,1.0114354937553816,44.746,46593795.695625916,5818805.321132955,,202.169.102.230
2173,Internode,Sydney,2020-03-25T13:47:45.777261Z,1.0114354937553816,47.37,46768696.76307921,9994833.879669402,,202.169.102.230
2629,Telstra,Sydney,2020-03-25T14:02:24.112372Z,1.0114354937553816,44.522,46755087.18793805,5450499.582524122,,202.169.102.230
2173,Internode,Sydney,2020-03-25T14:02:45.889101Z,1.0114354937553816,66.782,41469664.790550314,9291925.023436937,,202.169.102.230
2629,Telstra,Sydney,2020-03-25T14:17:24.323677Z,1.0114354937553816,43.818,46798770.78178668,6236155.7652122155,,202.169.102.230
2173,Internode,Sydney,2020-03-25T14:17:45.799862Z,1.0114354937553816,211.717,44948865.011729546,10008732.29202103,,202.169.102.230
2629,Telstra,Sydney,2020-03-25T14:32:24.091551Z,1.0114354937553816,44.227,46756833.64552175,6582784.389837079,,202.169.102.230
2173,Internode,Sydney,2020-03-25T14:32:45.486240Z,1.0114354937553816,47.33,46492483.97261999,10181526.989875592,,202.169.102.230
2629,Telstra,Sydney,2020-03-25T14:47:25.419868Z,1.0114354937553816,43.913,45768288.89161906,5192520.537779258,,202.169.102.230
2173,Internode,Sydney,2020-03-25T14:47:47.132724Z,1.0114354937553816,44.352,46642307.39034247,10126129.32262616,,202.169.102.230
2629,Telstra,Sydney,2020-03-25T15:02:24.516561Z,1.0114354937553816,43.655,45731371.259290226,5995934.277870479,,202.169.102.230
2173,Internode,Sydney,2020-03-25T15:02:45.984917Z,1.0114354937553816,38.241,46728437.36735001,10442723.424829122,,202.169.102.230
2629,Telstra,Sydney,2020-03-25T15:17:24.274655Z,1.0114354937553816,43.677,46814905.89997278,6358609.009878168,,202.169.102.230
2173,Internode,Sydney,2020-03-25T15:17:45.741890Z,1.0114354937553816,44.673,46537128.945328966,11372238.066517359,,202.169.102.230
2629,Telstra,Sydney,2020-03-25T15:32:24.029993Z,1.0114354937553816,43.329,45132239.73996535,6070417.304929366,,202.169.102.230
2173,Internode,Sydney,2020-03-25T15:32:45.494662Z,1.0114354937553816,384.284,46756889.71756998,11519933.433740953,,202.169.102.230
2629,Telstra,Sydney,2020-03-25T15:47:24.798890Z,1.0114354937553816,44.049,46802477.77321179,5764542.764776718,,202.169.102.230
2173,Internode,Sydney,2020-03-25T15:47:46.308922Z,1.0114354937553816,43.321,46759915.765287094,11275276.717477607,,202.169.102.230
2629,Telstra,Sydney,2020-03-25T16:02:24.025090Z,1.0114354937553816,43.148,46705844.808871254,6280136.849779077,,202.169.102.230
2173,Internode,Sydney,2020-03-25T16:02:45.511993Z,1.0114354937553816,49.665,46660004.43383216,11227830.45583823,,202.169.102.230
2629,Telstra,Sydney,2020-03-30T21:41:42.339385Z,730.9399807000539,52.381,46050884.593234405,9629927.807091435,,202.169.102.230
2173,Internode,Sydney,2020-03-30T21:42:03.765595Z,730.9399807000539,89.369,45643840.664938,5881223.729765127,,202.169.102.230
17618,Vocus Communications,Sydney,2020-03-30T21:42:25.859234Z,730.9399807000539,64.759,46207368.91034351,18712465.569297668,,202.169.102.230
2604,Telstra,Brisbane,2020-03-30T21:42:47.403831Z,0.62311775977947,69.913,43437419.345385365,18162062.731235452,,202.169.102.230
2165,Internode,Brisbane,2020-03-30T21:43:09.179317Z,0.62311775977947,66.788,45329142.57691138,19008332.028361853,,202.169.102.230
18248,Vocus Communications,Brisbane,2020-03-30T21:43:30.816108Z,0.62311775977947,98.616,45961417.187510915,17821049.026170425,,202.169.102.230
